FirstName, LastName, AccountName, DisplayName, CF, EmployeeType, OrganizationalUnit, AlternateMail, email, UPN
Kenneth, Tillotson, ktillotson, Kenneth Tillotson, CSNLNZ76C01H231R, Docente, Docenti, ktillotson@gmail.com, ktillotson@domain.com, ktillotson@domain.com
John, Doe, jdoe, John Doe, C0NLNZ76C01H231R, Docente, Docenti, jdoe@gmail.com, jdoe@domain.com, ktillotson@domain.com
